{
  "mm": {
    "cm": 10,
    "dm": 100,
    "m": 1000,
    "km": 1000000
  },
  "cm": {
    "mm": 10,
    "dm": 0.1,
    "m": 0.01,
    "km": 0.001
  },
  "dm": {
    "mm": 100,
    "cm": 10,
    "m": 0.1,
    "km": 0.01
  },
  "m": {
    "mm": 1000,
    "cm": 100,
    "dm": 0.1,
    "km": 0.001
  },
  "km": {
    "mm": 1000000,
    "cm": 100000,
    "dm": 10000,
    "m": 1000
  },
  "mg": {
    "g": 0.001,
    "kg": 0.000001,
    "q": 0.00000001,
    "t": 0.000000001
  },
  "g": {
    "mg": 1000,
    "kg": 0.001,
    "q": 0.00001,
    "t": 0.000001
  },
  "kg": {
    "mg": 1000000,
    "g": 1000,
    "q": 100,
    "t": 0.001
  },
  "t": {
    "mg": 1000000000,
    "g": 1000000,
    "kg": 1000,
    "q": 10
  },
  "ms": {
    "s": 0.001,
    "min": 1.66667e-5,
    "h": 2.777783333e-7
  },
  "s": {
    "ms": 1000,
    "min": 0.0166666666666667,
    "h": 0.0002777778,
    "d": 0.00001157407
  },
  "min": {
    "ms": 60000,
    "s": 60,
    "h": 0.0166667,
    "d": 0.00069444583333
  },
  "h": {
    "ms": 3.6e+6,
    "s": 3600,
    "min": 60,
    "d": 0.0416667
  },
  "d": {
    "s": 86400,
    "min": 1440,
    "h": 24
  }
}